result,entry,family,track,D,p,points_before_union,in_family_union,approval,reason
E01-RAMSEY,E01,RAMSEY-K4,M3A,840,0,0,True,PENDING,
E03-SYNTHESIS,E03,UNITARY,M3A,824,0,0,True,PENDING,
E04-SUPPORT138,E04,MATRIX-3,M1,724,0.05,28.82968,True,PENDING,
E04-GAUGE,E04,MATRIX-3,M1,724,0,0,False,PENDING,
E04-CORE143,E04,MATRIX-3,M1,724,0,0.0,False,PENDING,
E05-RULES,E05,COLLATZ,M1,772,0.01,6.555824,True,PENDING,
E06-THEOREM-B,E06,M2-CONTAINERS,M2,398,1,,True,PENDING,
E07-RAMTASTIC,E07,RAMSEY-K4,M3A,840,0,0,True,PENDING,
E07-BOSONIC,E07,BB6,NONE,974,,,True,PENDING,
E08-RAMSEY,E08,RAMSEY-K4,M3A,840,0.05,35.28,True,PENDING,
E08-KOBON39,E08,KOBON,M1,570,0.01,3.5739,True,PENDING,
E08-DMS,E08,DMS,M3A,574,0.15,49.4214,True,PENDING,
E08-G-PM,E08,M2-G-PM,M2,317,1,,True,PENDING,
E08-E942,E08,M2-E942,M2,317,1,,True,PENDING,
E08-E44,E08,M2-E44,M2,317,1,,True,PENDING,
E08-E123,E08,M2-E123,M2,317,1,,True,PENDING,
E08-E918,E08,M2-E918,M2,317,1,,True,PENDING,
E08-E292,E08,M2-E292,M2,317,1,,True,PENDING,
E08-E395,E08,M2-E395,M2,317,1,,True,PENDING,
E08-E698,E08,M2-E698,M2,317,1,,True,PENDING,
E08-E939,E08,M2-E939,M2,317,1,,True,PENDING,
E08-E477,E08,M2-E477,M2,317,1,,True,PENDING,
E08-E295,E08,M2-E295,M2,272,1,,True,PENDING,
E08-E703,E08,M2-E703,M2,272,1,,True,PENDING,
E08-E748,E08,M2-E748,M2,272,1,,True,PENDING,
E08-E1136,E08,M2-E1136,M2,272,1,,True,PENDING,
E08-E358,E08,M2-E358,M2,272,1,,True,PENDING,
E08-E619,E08,M2-E619,M2,272,1,,True,PENDING,
E08-E1148,E08,M2-E1148,M2,272,1,,True,PENDING,
E08-EXCLUDED-E757,E08,M2-OPTIONAL-E757,NONE,272,,,False,PENDING,
E08-EXCLUDED-E261,E08,M2-OPTIONAL-E261,NONE,272,,,False,PENDING,
E08-EXCLUDED-E36,E08,M2-OPTIONAL-E36,NONE,272,,,False,PENDING,
E08-EXCLUDED-E649,E08,M2-OPTIONAL-E649,NONE,272,,,False,PENDING,
E08-EXCLUDED-E508,E08,M2-OPTIONAL-E508,NONE,272,,,False,PENDING,
E08-EXCLUDED-E1038,E08,M2-OPTIONAL-E1038,NONE,272,,,False,PENDING,
E08-BB6,E08,BB6,M1,974,0,0.0,False,PENDING,
E08-CHSH,E08,GROTHENDIECK,M1,561,0,0.0,False,PENDING,
E08-MATRIX139,E08,MATRIX-3,M1,724,0,0.0,False,PENDING,
E08-COLLATZ234,E08,COLLATZ,M1,772,0,0.0,False,PENDING,
E08-KOBON18,E08,KOBON,M1,570,0,0.0,False,PENDING,
E09-UPPER94,E09,KOBON,M1,570,0,0,True,PENDING,
E09-TRIPLES93,E09,KOBON,M1,570,0,0,True,PENDING,
E09-K14,E09,KOBON,M1,570,0,0,True,PENDING,
E09-EVEN,E09,KOBON,M1,570,0,0,True,PENDING,
E09-ALL8,E09,KOBON,M1,570,0,0,True,PENDING,
E09-K10,E09,KOBON,M1,570,0,0,False,PENDING,
E10-H4,E10,COLLATZ,M1,772,0.01,6.555824,True,PENDING,
E10-H7,E10,M2-AP-CONCLUSION,M2,272,1,,True,PENDING,
E10-H1PART,E10,KOBON,M1,570,0,0.0,True,PENDING,
E10-H1BASE,E10,KOBON,M1,570,0,0.0,False,PENDING,
E10-H2,E10,BB6,M1,974,0,0.0,False,PENDING,
E10-H5,E10,GROTHENDIECK,M1,561,0,0.0,False,PENDING,
E10-H6,E10,MATRIX-3,M1,724,0,0.0,False,PENDING,
E10-H3INFRA,E10,MATRIX-3,NONE,724,,,False,PENDING,
E11-THREE,E11,M2-E3-THREE,M2,424,1,,True,PENDING,
E11-DYADIC,E11,M2-E3-DYADIC,M2,436,1,,True,PENDING,
E11-GOWERS,E11,M2-GOWERS4,M2,424,1,,True,PENDING,
E11-HARMONIC,E11,ERDOS169,M3A,538,0,0,False,PENDING,
E12-HEILBRONN,E12,HEILBRONN9,M3B,715,0,0.0,True,PENDING,
E12-RAMSEY,E12,RAMSEY-K4,NONE,840,,,True,PENDING,
E13-RESEARCH,E13,BB6,NONE,974,,,True,PENDING,
E14-RESEARCH,E14,BB6,NONE,974,,,True,PENDING,
E15-RAMSEY,E15,RAMSEY-K4,M3A,840,0,0,True,PENDING,
E17-CORE1,E17,CERNY-PART-1,M2,425,1,,True,PENDING,
E17-CORE2,E17,CERNY-PART-2,M2,425,1,,True,PENDING,
E17-CORE3,E17,CERNY-PART-3,M2,425,1,,True,PENDING,
E17-CORE4,E17,CERNY-PART-4,M2,425,1,,True,PENDING,
E17-CORE5,E17,CERNY-PART-5,M2,425,1,,True,PENDING,
E17-CORE6,E17,CERNY-PART-6,M2,425,1,,True,PENDING,
E17-CORE7,E17,CERNY-PART-7,M2,425,1,,True,PENDING,
E17-CORE8,E17,CERNY-PART-8,M2,425,1,,True,PENDING,
E17-CORE9,E17,CERNY-PART-9,M2,425,1,,True,PENDING,
E17-PAPER,E17,CERNY,M3A,855,0,0,False,PENDING,
E57-K13,E57,KOBON,M1,570,0,0.0,False,PENDING,
E57-K18,E57,KOBON,M1,570,0,0.0,False,PENDING,
E57-K19,E57,KOBON,M1,570,0,0.0,False,PENDING,
E57-K31,E57,KOBON,M1,570,0,0.0,False,PENDING,
E57-K35,E57,KOBON,M1,570,0,0.0,False,PENDING,
E57-K37,E57,KOBON,M1,570,0,0.0,False,PENDING,
E57-K38,E57,KOBON,M1,570,0,0.0,False,PENDING,
E57-K39,E57,KOBON,M1,570,0.01,3.5739,True,PENDING,
E57-K40,E57,KOBON,M1,570,0.01,3.5739,True,PENDING,
E57-K41,E57,KOBON,M1,570,0,0.0,False,PENDING,
E57-K43,E57,KOBON,M1,570,0,0.0,False,PENDING,
E57-K44,E57,KOBON,M1,570,0.01,3.5739,True,PENDING,
E57-K45,E57,KOBON,M1,570,0,0.0,False,PENDING,
E57-K46,E57,KOBON,M1,570,0,0.0,False,PENDING,
E57-K47,E57,KOBON,M1,570,0.01,3.5739,True,PENDING,
E57-K48,E57,KOBON,M1,570,0.01,3.5739,True,PENDING,
E57-K49,E57,KOBON,M1,570,0,0.0,False,PENDING,
E57-K50,E57,KOBON,M1,570,0,0.0,False,PENDING,
E57-K51,E57,KOBON,M1,570,0.01,3.5739,True,PENDING,
E57-K52,E57,KOBON,M1,570,0.01,3.5739,True,PENDING,
E57-K53,E57,KOBON,M1,570,0,0.0,False,PENDING,
E57-K54,E57,KOBON,M1,570,0,0.0,False,PENDING,
E57-K55,E57,KOBON,M1,570,0.01,3.5739,True,PENDING,
E57-K56,E57,KOBON,M1,570,0.01,3.5739,True,PENDING,
E57-K57,E57,KOBON,M1,570,0,0.0,False,PENDING,
E57-K58,E57,KOBON,M1,570,0.01,3.5739,True,PENDING,
E57-K59,E57,KOBON,M1,570,0.01,3.5739,True,PENDING,
E57-K60,E57,KOBON,M1,570,0.01,3.5739,True,PENDING,
E57-K61,E57,KOBON,M1,570,0.01,3.5739,True,PENDING,
E57-K62,E57,KOBON,M1,570,0.01,3.5739,True,PENDING,
E57-K63,E57,KOBON,M1,570,0.01,3.5739,True,PENDING,
E57-K64,E57,KOBON,M1,570,0.01,3.5739,True,PENDING,
E57-K65,E57,KOBON,M1,570,0,0.0,False,PENDING,
E57-K66,E57,KOBON,M1,570,0.01,3.5739,True,PENDING,
E57-K67,E57,KOBON,M1,570,0.01,3.5739,True,PENDING,
E57-K68,E57,KOBON,M1,570,0.01,3.5739,True,PENDING,
E57-K69,E57,KOBON,M1,570,0.01,3.5739,True,PENDING,
E57-K7,E57,KOBON,M1,570,0,0.0,False,PENDING,
E57-K70,E57,KOBON,M1,570,0.01,3.5739,True,PENDING,
E57-K71,E57,KOBON,M1,570,0.01,3.5739,True,PENDING,
E57-K72,E57,KOBON,M1,570,0.01,3.5739,True,PENDING,
E57-K73,E57,KOBON,M1,570,0,0.0,False,PENDING,
E57-K74,E57,KOBON,M1,570,0.01,3.5739,True,PENDING,
E57-K75,E57,KOBON,M1,570,0.01,3.5739,True,PENDING,
E57-K76,E57,KOBON,M1,570,0.01,3.5739,True,PENDING,
E57-K77,E57,KOBON,M1,570,0.01,3.5739,True,PENDING,
E57-K78,E57,KOBON,M1,570,0.01,3.5739,True,PENDING,
E57-K79,E57,KOBON,M1,570,0.01,3.5739,True,PENDING,
E57-K80,E57,KOBON,M1,570,0.01,3.5739,True,PENDING,
E57-K81,E57,KOBON,M1,570,0.01,3.5739,True,PENDING,
E57-K82,E57,KOBON,M1,570,0.01,3.5739,True,PENDING,
E57-K83,E57,KOBON,M1,570,0.01,3.5739,True,PENDING,
E57-K84,E57,KOBON,M1,570,0.01,3.5739,True,PENDING,
E57-K85,E57,KOBON,M1,570,0.01,3.5739,True,PENDING,
E57-K86,E57,KOBON,M1,570,0.01,3.5739,True,PENDING,
E57-K87,E57,KOBON,M1,570,0.01,3.5739,True,PENDING,
E57-K88,E57,KOBON,M1,570,0.01,3.5739,True,PENDING,
E57-K89,E57,KOBON,M1,570,0.01,3.5739,True,PENDING,
E57-K90,E57,KOBON,M1,570,0.01,3.5739,True,PENDING,
E57-K91,E57,KOBON,M1,570,0.01,3.5739,True,PENDING,
E57-K92,E57,KOBON,M1,570,0.01,3.5739,True,PENDING,
E57-K93,E57,KOBON,M1,570,0.01,3.5739,True,PENDING,
E57-K94,E57,KOBON,M1,570,0.01,3.5739,True,PENDING,
E57-K95,E57,KOBON,M1,570,0.01,3.5739,True,PENDING,
E57-K96,E57,KOBON,M1,570,0.01,3.5739,True,PENDING,
E57-K97,E57,KOBON,M1,570,0,0.0,False,PENDING,
E57-R4,E57,KOBON,M1,570,0,0.0,False,PENDING,
E65-DYADIC,E65,M2-E3-DYADIC,M2,436,1,,True,PENDING,
E65-THREE,E65,M2-E3-THREE,M2,424,1,,True,PENDING,
E65-ELEMENTARY,E65,M2-AP-CONCLUSION,M2,272,1,,True,PENDING,
E16-NO-RESULT,E16,,NONE,,,,True,PENDING,
E18-NO-RESULT,E18,,NONE,,,,True,PENDING,
E19-NO-RESULT,E19,,NONE,,,,True,PENDING,
E20-NO-RESULT,E20,,NONE,,,,True,PENDING,
E21-NO-RESULT,E21,,NONE,,,,True,PENDING,
E22-NO-RESULT,E22,,NONE,,,,True,PENDING,
E23-NO-RESULT,E23,,NONE,,,,True,PENDING,
E24-NO-RESULT,E24,,NONE,,,,True,PENDING,
E25-NO-RESULT,E25,,NONE,,,,True,PENDING,
E26-NO-RESULT,E26,,NONE,,,,True,PENDING,
E27-NO-RESULT,E27,,NONE,,,,True,PENDING,
E28-NO-RESULT,E28,,NONE,,,,True,PENDING,
E29-NO-RESULT,E29,,NONE,,,,True,PENDING,
E30-NO-RESULT,E30,,NONE,,,,True,PENDING,
E31-NO-RESULT,E31,,NONE,,,,True,PENDING,
E32-NO-RESULT,E32,,NONE,,,,True,PENDING,
E33-NO-RESULT,E33,,NONE,,,,True,PENDING,
E34-HILL1,E34,MATRIX-3,M1,724,0,0,True,PENDING,
E35-HILL1,E35,GROTHENDIECK,M1,561,0,0,True,PENDING,
E36-HILL1,E36,MATRIX-3,M1,724,0,0,True,PENDING,
E37-HILL1,E37,KOBON,M1,570,0,0,True,PENDING,
E38-HILL1,E38,KOBON,M1,570,0,0,True,PENDING,
E39-HILL1,E39,KOBON,M1,570,0,0,True,PENDING,
E40-HILL1,E40,KOBON,M1,570,0,0,True,PENDING,
E41-HILL1,E41,BB6,M1,974,0,0,True,PENDING,
E42-HILL1,E42,MATRIX-3,M1,724,0,0,True,PENDING,
E43-HILL1,E43,RAMSEY-K4,M3A,840,0,0,True,PENDING,
E44-HILL1,E44,GROTHENDIECK,M1,561,0,0,True,PENDING,
E45-HILL1,E45,BB6,M1,974,0,0,True,PENDING,
E46-HILL1,E46,BB6,M1,974,0,0,True,PENDING,
E47-NO-RESULT,E47,,NONE,,,,True,PENDING,
E48-HILL1,E48,KOBON,M1,570,0,0,True,PENDING,
E49-HILL1,E49,KOBON,M1,570,0,0,True,PENDING,
E50-HILL1,E50,BB6,M1,974,0,0,True,PENDING,
E52-HILL1,E52,KOBON,M1,570,0,0,True,PENDING,
E53-HILL1,E53,KOBON,M1,570,0,0,True,PENDING,
E55-HILL1,E55,KOBON,M1,570,0,0,True,PENDING,
E56-NO-RESULT,E56,,NONE,,,,True,PENDING,
E58-HILL1,E58,BB6,M1,974,0,0,True,PENDING,
E59-NO-RESULT,E59,,NONE,,,,True,PENDING,
E61-HILL1,E61,KOBON,M1,570,0,0,True,PENDING,
E61-HILL2,E61,GROTHENDIECK,M1,561,0,0,True,PENDING,
E63-HILL1,E63,RAMSEY-K4,M3A,840,0,0,True,PENDING,
E63-HILL2,E63,BB6,M1,974,0,0,True,PENDING,
E64-HILL1,E64,KOBON,M1,570,0,0,True,PENDING,
E66-HILL1,E66,RAMSEY-K4,M3A,840,0,0,True,PENDING,
E66-HILL2,E66,COLLATZ,M1,772,0,0,True,PENDING,
E66-HILL3,E66,BB6,M1,974,0,0,True,PENDING,
E67-NO-RESULT,E67,,NONE,,,,True,PENDING,
E68-NO-RESULT,E68,,NONE,,,,True,PENDING,
E69-NO-RESULT,E69,,NONE,,,,True,PENDING,
E70-NO-RESULT,E70,,NONE,,,,True,PENDING,
E71-NO-RESULT,E71,,NONE,,,,True,PENDING,
E72-NO-RESULT,E72,,NONE,,,,True,PENDING,
E73-NO-RESULT,E73,,NONE,,,,True,PENDING,
E74-NO-RESULT,E74,,NONE,,,,True,PENDING,
E02-a100475,E02,OEIS-A100475,M3A,541,1,292.681,True,PENDING,
E02-a060957,E02,OEIS-A060957,M3A,527,1,277.729,True,PENDING,
E02-a000224,E02,OEIS-A000224,M3A,622,0.15,58.0326,True,PENDING,
E02-ferrers-hierarchy,E02,LATIN-TABLEAU,M3A,650,0.15,63.375,True,PENDING,
E02-erdos169-fourap,E02,ERDOS169,M3A,538,0.05,14.4722,True,PENDING,
E02-opdp13-quartic,E02,OPDP13-QUARTIC,M3B,644,1,207.368,True,PENDING,
E02-opdp43-halfturn,E02,NO3-HALFTURN,M3A,330,1,108.9,True,PENDING,
E02-a046969-i,E02,M2-BERNOULLI,M2,346,1,,True,PENDING,
E02-opdp67-quaternion,E02,M2-QUATERNION,M2,365,1,,True,PENDING,
E02-a135508,E02,M2-LCM-RECURRENCE,M2,354,1,,True,PENDING,
E02-apery-odd-formalization,E02,M2-APERY,M2,398,1,,True,PENDING,
E02-m2-research-base3-reverse-add,E02,M2-BASE3,M2,346,1,,True,PENDING,
E02-m2-research-theta-half-sum,E02,M2-THETA,M2,365,1,,True,PENDING,
E02-m2-research-wolstenholme,E02,M2-WOLSTENHOLME,M2,372,1,,True,PENDING,
E02-m2-research-a060841,E02,M2-LCM-MATRIX,M2,372,1,,True,PENDING,
E02-m2-research-erdos887,E02,M2-ERDOS887,M2,372,1,,True,PENDING,
E02-m2-research-regular-polygon,E02,M2-POLYGON,M2,354,1,,True,PENDING,
E02-erdos1060-uniform-partial,E02,ERDOS1060,M3A,574,0.05,16.4738,True,PENDING,
E02-erdos21-sharp-residual,E02,ERDOS21-VARIANT,M3A,555,1,308.025,True,PENDING,
E02-erdos944-order-bound,E02,ERDOS944,M3A,721,0.05,25.99205,True,PENDING,
E02-opdp89-parity-local-maxima,E02,RBM4-PARITY,M3B,727,1,264.2645,True,PENDING,
E02-erdos829-log-five-thirds,E02,ERDOS829,M3A,530,0.05,14.045,True,PENDING,
E02-FOCUS-E3,E02,ERDOS3,M1,674,0.01,4.997036,True,PENDING,
E02-FOCUS-GROTH,E02,GROTHENDIECK,M1,561,0,0.0,True,PENDING,
E02-FOCUS-MATRIX,E02,MATRIX-3,M1,724,0.01,5.765936,True,PENDING,
E02-FOCUS-RAMSEY,E02,RAMSEY-K4,M3A,840,0.05,35.28,True,PENDING,
E02-FOCUS-BB6,E02,BB6,M1,974,0,0.0,True,PENDING,
