entry,name,proposed_S,proposed_A,M2_family_count,adjusted_M2_ranking_value,approve_or_hold,chair_reason,formal_closure,novelty,eligibility,D_ratifed
E01,Luke Van Seters / Madhan,0,0,0,0,PENDING,,PENDING,PENDING,PENDING,PENDING
E02,Rachel Teo / Wenyi Wang / Hamdi Abderrahmene,1697.401122,308.025,10,10,PENDING,,PENDING,PENDING,PENDING,PENDING
E03,Matt Bowring,0,0,0,0,PENDING,,PENDING,PENDING,PENDING,PENDING
E04,Chandragupt Sharma — matrix support 138,28.82968,28.82968,0,0,PENDING,,PENDING,PENDING,PENDING,PENDING
E05,Chaewon Yoon,6.555824,6.555824,0,0,PENDING,,PENDING,PENDING,PENDING,PENDING
E06,Leanification — five-person IMPA Tech team,0.0,0.0,1,0.8,PENDING,,PENDING,PENDING,PENDING,PENDING
E07,Chris Forrester / Hypernym,0,0,0,0,PENDING,,PENDING,PENDING,PENDING,PENDING
E08,HTPeo — Woohyuk Kang / Hyunjin Lee / Sanghyeon Lee / Youchan Oh,88.2753,49.4214,10,10,PENDING,,PENDING,PENDING,PENDING,PENDING
E09,Raj Harshit Srirangam,0,0,0,0,PENDING,,PENDING,PENDING,PENDING,PENDING
E10,Jamie Steeg / grandchallenge / GCL,6.555824,6.555824,1,1,PENDING,,PENDING,PENDING,PENDING,PENDING
E11,Leon Koerbs / Cameron Fen — Erdős #3 Token Burner,0,0,3,3,PENDING,,PENDING,PENDING,PENDING,PENDING
E12,Frederik Smits van Oyen — K4 Ramsey and Heilbronn,0,0,0,0,PENDING,,PENDING,PENDING,PENDING,PENDING
E13,Ilknur Icke — Tissue Busy Beaver,0,0,0,0,PENDING,,PENDING,PENDING,PENDING,PENDING
E14,Willem Nielsen — Adaptive Turing Machines,0,0,0,0,PENDING,,PENDING,PENDING,PENDING,PENDING
E15,Shafeeq — Ramsay Multiplier K4,0,0,0,0,PENDING,,PENDING,PENDING,PENDING,PENDING
E16,Chenguang Xu,0,0,0,0,PENDING,,PENDING,PENDING,PENDING,PENDING
E17,Qichao Wang — Černý partial formalizations,0,0,0,0,PENDING,,PENDING,PENDING,PENDING,PENDING
E18,Suraj Saxena,0,0,0,0,PENDING,,PENDING,PENDING,PENDING,PENDING
E19,Will,0,0,0,0,PENDING,,PENDING,PENDING,PENDING,PENDING
E20,Mick Darling,0,0,0,0,PENDING,,PENDING,PENDING,PENDING,PENDING
E21,Ganesh Prakash Jamadar,0,0,0,0,PENDING,,PENDING,PENDING,PENDING,PENDING
E22,Krish Vijay,0,0,0,0,PENDING,,PENDING,PENDING,PENDING,PENDING
E23,Kevin Srun,0,0,0,0,PENDING,,PENDING,PENDING,PENDING,PENDING
E24,Thinking Machines — Jonathan Duran / Rishik Pavani / Zachary Norton,0,0,0,0,PENDING,,PENDING,PENDING,PENDING,PENDING
E25,Aaron Soetopo,0,0,0,0,PENDING,,PENDING,PENDING,PENDING,PENDING
E26,Young Jae Koh,0,0,0,0,PENDING,,PENDING,PENDING,PENDING,PENDING
E27,Yev Barkalov,0,0,0,0,PENDING,,PENDING,PENDING,PENDING,PENDING
E28,Stan / Stanislav Srednyak,0,0,0,0,PENDING,,PENDING,PENDING,PENDING,PENDING
E29,Antoine de Saint Germain,0,0,0,0,PENDING,,PENDING,PENDING,PENDING,PENDING
E30,Ryan Bahadori,0,0,0,0,PENDING,,PENDING,PENDING,PENDING,PENDING
E31,Yikun Ding,0,0,0,0,PENDING,,PENDING,PENDING,PENDING,PENDING
E32,Sagnik Chatterjee,0,0,0,0,PENDING,,PENDING,PENDING,PENDING,PENDING
E33,Japinder singh,0,0,0,0,PENDING,,PENDING,PENDING,PENDING,PENDING
E34,1c1jp5dhwy,0,0,0,0,PENDING,,PENDING,PENDING,PENDING,PENDING
E35,aaronatlan,0,0,0,0,PENDING,,PENDING,PENDING,PENDING,PENDING
E36,advaith-appajodu,0,0,0,0,PENDING,,PENDING,PENDING,PENDING,PENDING
E37,alee792,0,0,0,0,PENDING,,PENDING,PENDING,PENDING,PENDING
E38,ashleychenyj,0,0,0,0,PENDING,,PENDING,PENDING,PENDING,PENDING
E39,claudiagaes,0,0,0,0,PENDING,,PENDING,PENDING,PENDING,PENDING
E40,claudioolmedo,0,0,0,0,PENDING,,PENDING,PENDING,PENDING,PENDING
E41,cloud-post-code,0,0,0,0,PENDING,,PENDING,PENDING,PENDING,PENDING
E42,connorbuchheit,0,0,0,0,PENDING,,PENDING,PENDING,PENDING,PENDING
E43,danamouk,0,0,0,0,PENDING,,PENDING,PENDING,PENDING,PENDING
E44,ebaenamar,0,0,0,0,PENDING,,PENDING,PENDING,PENDING,PENDING
E45,extraton618,0,0,0,0,PENDING,,PENDING,PENDING,PENDING,PENDING
E46,eychcue,0,0,0,0,PENDING,,PENDING,PENDING,PENDING,PENDING
E47,felixisaac,0,0,0,0,PENDING,,PENDING,PENDING,PENDING,PENDING
E48,fkaita,0,0,0,0,PENDING,,PENDING,PENDING,PENDING,PENDING
E49,flaviabeppler,0,0,0,0,PENDING,,PENDING,PENDING,PENDING,PENDING
E50,frido22,0,0,0,0,PENDING,,PENDING,PENDING,PENDING,PENDING
E52,kevinsrun,0,0,0,0,PENDING,,PENDING,PENDING,PENDING,PENDING
E53,luizfelipebarbosa,0,0,0,0,PENDING,,PENDING,PENDING,PENDING,PENDING
E55,octavianboji,0,0,0,0,PENDING,,PENDING,PENDING,PENDING,PENDING
E56,ottogin,0,0,0,0,PENDING,,PENDING,PENDING,PENDING,PENDING
E57,Rohith Poola — Kobon only,3.5739,3.5739,0,0,PENDING,,PENDING,PENDING,PENDING,PENDING
E58,sasap91,0,0,0,0,PENDING,,PENDING,PENDING,PENDING,PENDING
E59,sergeicu,0,0,0,0,PENDING,,PENDING,PENDING,PENDING,PENDING
E61,solal24,0,0,0,0,PENDING,,PENDING,PENDING,PENDING,PENDING
E63,vyahhi,0,0,0,0,PENDING,,PENDING,PENDING,PENDING,PENDING
E64,willow2014,0,0,0,0,PENDING,,PENDING,PENDING,PENDING,PENDING
E65,Wilson Wu — Erdős supporting formalizations,0,0,2,2,PENDING,,PENDING,PENDING,PENDING,PENDING
E66,yavol,0,0,0,0,PENDING,,PENDING,PENDING,PENDING,PENDING
E67,Tom de Groot,0,0,0,0,PENDING,,PENDING,PENDING,PENDING,PENDING
E68,Edward Hogan,0,0,0,0,PENDING,,PENDING,PENDING,PENDING,PENDING
E69,Sri Kamarthapu,0,0,0,0,PENDING,,PENDING,PENDING,PENDING,PENDING
E70,Arham Shuaib,0,0,0,0,PENDING,,PENDING,PENDING,PENDING,PENDING
E71,Alexandros Kyriakakis,0,0,0,0,PENDING,,PENDING,PENDING,PENDING,PENDING
E72,Martin Dvorak,0,0,0,0,PENDING,,PENDING,PENDING,PENDING,PENDING
E73,Terry Wang — future competition interest,0,0,0,0,PENDING,,PENDING,PENDING,PENDING,PENDING
E74,Gopal Anantharaman — unmatched registration claim,0,0,0,0,PENDING,,PENDING,PENDING,PENDING,PENDING
