entry,name,class,S,A,A_family,M2_count,M2_adjusted,scored_families
E01,Luke Van Seters / Madhan,Non-company,0.000000,0.000000,,0,0,
E02,Rachel Teo / Wenyi Wang / Hamdi Abderrahmene,Company,1699.569880,308.025000,ERDOS21-VARIANT,10,10,ERDOS1060 D574 m1 p0.05 F=16.473800; ERDOS169 D538 m1 p0.05 F=14.472200; ERDOS21-VARIANT D555 m1 p1 F=308.025000; ERDOS3 D674 m1 p0.01 F=4.542760; ERDOS829 D530 m1 p0.05 F=14.045000; ERDOS944 D721 m1 p0.05 F=25.992050; GROTHENDIECK D561 m1 p0.01 F=3.147210; LATIN-TABLEAU D650 m1 p0.15 F=63.375000; MATRIX-3 D724 m1 p0.01 F=5.241760; NO3-HALFTURN D330 m1 p1 F=108.900000; OEIS-A000224 D622 m1 p0.15 F=58.032600; OEIS-A060957 D527 m1 p1 F=277.729000; OEIS-A100475 D541 m1 p1 F=292.681000; OPDP13-QUARTIC D644 m0.5 p1 F=207.368000; RAMSEY-K4 D840 m1 p0.05 F=35.280000; RBM4-PARITY D727 m0.5 p1 F=264.264500
E03,Matt Bowring,Non-company,0.000000,0.000000,,0,0,
E04,Chandragupt Sharma — matrix support 138,Non-company,26.208800,26.208800,MATRIX-3,0,0,MATRIX-3 D724 m1 p0.05 F=26.208800
E05,Chaewon Yoon,Non-company,0.000000,0.000000,,0,0,
E06,Leanification — five-person IMPA Tech team,Non-company,0.000000,0.000000,,1,0.8,
E07,Chris Forrester / Hypernym,Non-company,0.000000,0.000000,,0,0,
E08,HTPeo — Woohyuk Kang / Hyunjin Lee / Sanghyeon Lee / Youchan Oh,Non-company,87.950400,49.421400,DMS,10,10,DMS D574 m1 p0.15 F=49.421400; KOBON D570 m1 p0.01 F=3.249000; RAMSEY-K4 D840 m1 p0.05 F=35.280000
E09,Raj Harshit Srirangam,Non-company,0.000000,0.000000,,0,0,
E10,Jamie Steeg / grandchallenge / GCL,Non-company,0.000000,0.000000,,1,1,
E11,Leon Koerbs / Cameron Fen — Erdős #3 Token Burner,Non-company,0.000000,0.000000,,3,3,
E12,Frederik Smits van Oyen — K4 Ramsey and Heilbronn,Non-company,0.000000,0.000000,,0,0,
E13,Ilknur Icke — Tissue Busy Beaver,Non-company,0.000000,0.000000,,0,0,
E14,Willem Nielsen — Adaptive Turing Machines,Non-company,0.000000,0.000000,,0,0,
E15,Shafeeq — Ramsay Multiplier K4,Non-company,0.000000,0.000000,,0,0,
E16,Chenguang Xu,Non-company,0.000000,0.000000,,0,0,
E17,Qichao Wang — Černý partial formalizations,Non-company,0.000000,0.000000,,0,0,
E18,Suraj Saxena,Non-company,0.000000,0.000000,,0,0,
E19,Will,Non-company,0.000000,0.000000,,0,0,
E20,Mick Darling,Non-company,0.000000,0.000000,,0,0,
E21,Ganesh Prakash Jamadar,Non-company,0.000000,0.000000,,0,0,
E22,Krish Vijay,Non-company,0.000000,0.000000,,0,0,
E23,Kevin Srun,Non-company,0.000000,0.000000,,0,0,
E24,Thinking Machines — Jonathan Duran / Rishik Pavani / Zachary Norton,Company,0.000000,0.000000,,0,0,
E25,Aaron Soetopo,Non-company,0.000000,0.000000,,0,0,
E26,Young Jae Koh,Non-company,0.000000,0.000000,,0,0,
E27,Yev Barkalov,Non-company,0.000000,0.000000,,0,0,
E28,Stan / Stanislav Srednyak,Non-company,0.000000,0.000000,,0,0,
E29,Antoine de Saint Germain,Non-company,0.000000,0.000000,,0,0,
E30,Ryan Bahadori,Non-company,0.000000,0.000000,,0,0,
E31,Yikun Ding,Non-company,0.000000,0.000000,,0,0,
E32,Sagnik Chatterjee,Non-company,0.000000,0.000000,,0,0,
E33,Japinder singh,Non-company,0.000000,0.000000,,0,0,
E34,1c1jp5dhwy,Non-company,0.000000,0.000000,,0,0,
E35,aaronatlan,Non-company,0.000000,0.000000,,0,0,
E36,advaith-appajodu,Non-company,0.000000,0.000000,,0,0,
E37,alee792,Non-company,0.000000,0.000000,,0,0,
E38,ashleychenyj,Non-company,0.000000,0.000000,,0,0,
E39,claudiagaes,Non-company,0.000000,0.000000,,0,0,
E40,claudioolmedo,Non-company,0.000000,0.000000,,0,0,
E41,cloud-post-code,Non-company,0.000000,0.000000,,0,0,
E42,connorbuchheit,Non-company,0.000000,0.000000,,0,0,
E43,danamouk,Non-company,0.000000,0.000000,,0,0,
E44,ebaenamar,Non-company,0.000000,0.000000,,0,0,
E45,extraton618,Non-company,0.000000,0.000000,,0,0,
E46,eychcue,Non-company,0.000000,0.000000,,0,0,
E47,felixisaac,Non-company,0.000000,0.000000,,0,0,
E48,fkaita,Non-company,0.000000,0.000000,,0,0,
E49,flaviabeppler,Non-company,0.000000,0.000000,,0,0,
E50,frido22,Non-company,0.000000,0.000000,,0,0,
E52,kevinsrun,Non-company,0.000000,0.000000,,0,0,
E53,luizfelipebarbosa,Non-company,0.000000,0.000000,,0,0,
E55,octavianboji,Non-company,0.000000,0.000000,,0,0,
E56,ottogin,Non-company,0.000000,0.000000,,0,0,
E57,Rohith Poola — Kobon only,Non-company,3.249000,3.249000,KOBON,0,0,KOBON D570 m1 p0.01 F=3.249000
E58,sasap91,Non-company,0.000000,0.000000,,0,0,
E59,sergeicu,Non-company,0.000000,0.000000,,0,0,
E61,solal24,Non-company,0.000000,0.000000,,0,0,
E63,vyahhi,Non-company,0.000000,0.000000,,0,0,
E64,willow2014,Non-company,0.000000,0.000000,,0,0,
E65,Wilson Wu — Erdős supporting formalizations,Non-company,0.000000,0.000000,,2,2,
E66,yavol,Non-company,0.000000,0.000000,,0,0,
E67,Tom de Groot,Non-company,0.000000,0.000000,,0,0,
E68,Edward Hogan,Non-company,0.000000,0.000000,,0,0,
E69,Sri Kamarthapu,Non-company,0.000000,0.000000,,0,0,
E70,Arham Shuaib,Non-company,0.000000,0.000000,,0,0,
E71,Alexandros Kyriakakis,Non-company,0.000000,0.000000,,0,0,
E72,Martin Dvorak,Non-company,0.000000,0.000000,,0,0,
E73,Terry Wang — future competition interest,Non-company,0.000000,0.000000,,0,0,
E74,Gopal Anantharaman — unmatched registration claim,Non-company,0.000000,0.000000,,0,0,
