id,original_path,topic,bytes,version,source,local_path,archive_path,archive_member,sha256,crc32,basis
351656,OpenMath-Luma-roster.json,General / shared,23604,Shared event/hill source snapshot,OpenMath-Luma-roster.json,contestants/EVENT/12-correspondence/3937a54b1ac3-OpenMath-Luma-roster.json,,,ec9b674d9187dd9299491699cdd7e50125d9542e82aea8b0c3c482dc80958c0a,,Filename/path inference; editable in the app
351654,OpenMath-late-morning-leaderboards.json,General / shared,44177,Shared event/hill source snapshot,OpenMath-late-morning-leaderboards.json,contestants/EVENT/12-correspondence/7278eea53aee-OpenMath-late-morning-leaderboards.json,,,69aad56e870f5543233f89431bddc2df652972933659d49771dbd369c56480a7,,Filename/path inference; editable in the app
351624,OpenMath-late-morning-ui-source-0.txt,General / shared,1162,Source snapshot; read scope shown in capture,https://web.whatsapp.com/,contestants/EVENT/12-correspondence/OpenMath-late-morning-ui-source-0.txt,,,a2a599908f00096b88a62c892aa661e0281e6430e3bb7857642ce43c2b29c919,,Filename/path inference; editable in the app
351628,OpenMath-late-morning-ui-source-10.txt,General / shared,11326,Source snapshot; read scope shown in capture,https://luma.com/event/manage/guest-table/evt-CCPQXYQWkwz24XB,contestants/EVENT/12-correspondence/OpenMath-late-morning-ui-source-10.txt,,,09b0b7f96f3ec080bab36f4da0787961a3c01660e1d0589e1db110af79559437,,Filename/path inference; editable in the app
351655,OpenMath-library-hill-results.json,General / shared,11708,Shared event/hill source snapshot,OpenMath-library-hill-results.json,contestants/EVENT/12-correspondence/e564a20b0b48-OpenMath-library-hill-results.json,,,c7d22322f9987ee955a63d0c9703d409be8e9af56b3c6f86b811cc9e773afa6c,,Filename/path inference; editable in the app
351702,OpenMath-library-shared-drive-index.txt,General / shared,6720,"Shared event folder listing, not an entrant packet",https://drive.google.com/drive/folders/1oM0Za-ohLsaY3yd5-kDsdKb8MOWPdy7-,contestants/EVENT/12-correspondence/OpenMath-library-shared-drive-index.txt,,,d9e7e354a045164638bbab1b0c9ff54ff66addb1f7fda5e4fe741585392e7778,,Filename/path inference; editable in the app
351629,OpenMath-library-ui-source-0.txt,General / shared,3867,Source snapshot; read scope shown in capture,https://www.linkedin.com/messaging/thread/2-YmZmODg3MzMtNGEwMS00YzMwLWExNWYtYmIyMTM2ZDUwZTE0XzEwMA==/?searchTerm=OpenMath,contestants/EVENT/12-correspondence/OpenMath-library-ui-source-0.txt,,,e547c2752e44a7dcb3f5aedd74d43893c92dc344d74e5ad4ccd558c2edb0fb1a,,Filename/path inference; editable in the app
351630,OpenMath-library-ui-source-1.txt,General / shared,5543,Source snapshot; read scope shown in capture,https://www.linkedin.com/messaging/thread/2-YmZmODg3MzMtNGEwMS00YzMwLWExNWYtYmIyMTM2ZDUwZTE0XzEwMA==/?searchTerm=OpenMath,contestants/EVENT/12-correspondence/OpenMath-library-ui-source-1.txt,,,3ffb0b51c93177edb9e688bc0a2daecb69ec16329578a526c93dadda2e10a611,,Filename/path inference; editable in the app
351639,OpenMath-library-ui-source-10.txt,General / shared,1023,Source snapshot; read scope shown in capture,https://app.autolab.ai/hills/alejandrozu/grothendieck-constant-witnesses/leaderboard,contestants/EVENT/12-correspondence/OpenMath-library-ui-source-10.txt,,,655ace3ba69f9bae6a7d74c66c6ce23d3d795c2a073ab91f7a718cecbd1e87b0,,Filename/path inference; editable in the app
351640,OpenMath-library-ui-source-11.txt,General / shared,1027,Source snapshot; read scope shown in capture,https://app.autolab.ai/hills/alejandrozu/collatz-modular-descent/leaderboard,contestants/EVENT/12-correspondence/OpenMath-library-ui-source-11.txt,,,87e44abc5b6b10e054e1665ec3a02197f82ed478befa673cde905941a599f598,,Filename/path inference; editable in the app
351641,OpenMath-library-ui-source-12.txt,General / shared,1238,Source snapshot; read scope shown in capture,https://app.autolab.ai/hills/alejandrozu/busy-beaver-6-certificates/leaderboard,contestants/EVENT/12-correspondence/OpenMath-library-ui-source-12.txt,,,6915d304aedfc61decb1311f02f3ce2b1dc4d76d3ea545a010548831ba3cb98f,,Filename/path inference; editable in the app
351642,OpenMath-library-ui-source-13.txt,General / shared,1124,Source snapshot; read scope shown in capture,https://app.autolab.ai/hills/alejandrozu/kobon-triangles/leaderboard,contestants/EVENT/12-correspondence/OpenMath-library-ui-source-13.txt,,,7bb3f37ebb95ee01bc41a0506a602629502feb16344a6e42d85041f3f7cb4382,,Filename/path inference; editable in the app
351643,OpenMath-library-ui-source-14.txt,General / shared,1308,Source snapshot; read scope shown in capture,https://app.autolab.ai/hills/alejandrozu/clique-cluster-ramsey-multiplicity/leaderboard,contestants/EVENT/12-correspondence/OpenMath-library-ui-source-14.txt,,,0d91c0926b1729254c571d9beabcaf5fd050bd1dc07494105daccd0e57e41b39,,Filename/path inference; editable in the app
351644,OpenMath-library-ui-source-15.txt,General / shared,1238,Source snapshot; read scope shown in capture,https://app.autolab.ai/hills/alejandrozu/busy-beaver-6-certificates/leaderboard,contestants/EVENT/12-correspondence/OpenMath-library-ui-source-15.txt,,,45e86d7aaf8531e0a6b225e16a870d759951b5e6da9dcd10b84a64026ccda614,,Filename/path inference; editable in the app
351645,OpenMath-library-ui-source-16.txt,General / shared,792,Source snapshot; read scope shown in capture,https://app.autolab.ai/hills/alejandrozu/kobon-triangles/leaderboard,contestants/EVENT/12-correspondence/OpenMath-library-ui-source-16.txt,,,a90b56402faca3d854b18daf50c89d3682e5b1ea5fcd571377c480634112804e,,Filename/path inference; editable in the app
351646,OpenMath-library-ui-source-17.txt,General / shared,867,Source snapshot; read scope shown in capture,https://app.autolab.ai/hills/alejandrozu/clique-cluster-ramsey-multiplicity/leaderboard,contestants/EVENT/12-correspondence/OpenMath-library-ui-source-17.txt,,,2827230fbc1f7cc548c0c9096a839ab4dce1ba9a09c3c6432bf2adca806998e9,,Filename/path inference; editable in the app
351647,OpenMath-library-ui-source-18.txt,General / shared,832,Source snapshot; read scope shown in capture,https://app.autolab.ai/hills/alejandrozu/busy-beaver-6-certificates/leaderboard,contestants/EVENT/12-correspondence/OpenMath-library-ui-source-18.txt,,,4f9ed5490a18b77935ab0ea7fea1eb35b2cc4ed2dcd7023978a959332932aee6,,Filename/path inference; editable in the app
351648,OpenMath-library-ui-source-19.txt,General / shared,257,Source snapshot; read scope shown in capture,https://web.whatsapp.com/,contestants/EVENT/12-correspondence/OpenMath-library-ui-source-19.txt,,,fa25b7064c9b3a792725cdef87807f5a09eafc10beaf72135498caf3d6cbbd9f,,Filename/path inference; editable in the app
351649,OpenMath-library-ui-source-20.txt,General / shared,1742,Source snapshot; read scope shown in capture,https://web.whatsapp.com/,contestants/EVENT/12-correspondence/OpenMath-library-ui-source-20.txt,,,31782586966c144862fa3441bac97f276b50df8b1dc4c504fe7f05aa07ff97c0,,Filename/path inference; editable in the app
351635,OpenMath-library-ui-source-6.txt,General / shared,641,Source snapshot; read scope shown in capture,https://app.autolab.ai/hills/ottogin/erdos-3/leaderboard,contestants/EVENT/12-correspondence/OpenMath-library-ui-source-6.txt,,,826e0677bcef7d95a7ca597bfe06eeae365dd8b698d2a22dfeeb0abdb04a3629,,Filename/path inference; editable in the app
351636,OpenMath-library-ui-source-7.txt,General / shared,1124,Source snapshot; read scope shown in capture,https://app.autolab.ai/hills/alejandrozu/kobon-triangles/leaderboard,contestants/EVENT/12-correspondence/OpenMath-library-ui-source-7.txt,,,09ceb4c2acb4318a3c3da6df911b7b89a8757aa50d70f607cf9f6a0af9302992,,Filename/path inference; editable in the app
351637,OpenMath-library-ui-source-8.txt,General / shared,1308,Source snapshot; read scope shown in capture,https://app.autolab.ai/hills/alejandrozu/clique-cluster-ramsey-multiplicity/leaderboard,contestants/EVENT/12-correspondence/OpenMath-library-ui-source-8.txt,,,0e1efa1351d32a1dfa41365f228e86e9426b95a6e12156e21b52cc20a6555f75,,Filename/path inference; editable in the app
351638,OpenMath-library-ui-source-9.txt,General / shared,1096,Source snapshot; read scope shown in capture,https://app.autolab.ai/hills/alejandrozu/matrix-multiplication-tensor-3x3/leaderboard,contestants/EVENT/12-correspondence/OpenMath-library-ui-source-9.txt,,,72d85c0667906d7f1e267eedda835ec1ff19e0ce0fc2b6d4e156f77363fec290,,Filename/path inference; editable in the app
351652,OpenMath-morning-event-projects.json,General / shared,20581,Shared event/hill source snapshot,OpenMath-morning-event-projects.json,contestants/EVENT/12-correspondence/22194e300c1a-OpenMath-morning-event-projects.json,,,975b8633d3dfedc0e53881ce4c8d8db82139101277e2dc903cfbafabbccfbd35,,Filename/path inference; editable in the app
351653,OpenMath-morning-leaderboards.json,General / shared,11151,Shared event/hill source snapshot,OpenMath-morning-leaderboards.json,contestants/EVENT/12-correspondence/1f53fb1caa24-OpenMath-morning-leaderboards.json,,,42e08c912586ce9a3c31b181028c2e4c8b9b225aca192a6a1b24b093c35bda0d,,Filename/path inference; editable in the app
351611,OpenMath-morning-ui-source-0.txt,General / shared,98,Source snapshot; read scope shown in capture,https://web.whatsapp.com/,contestants/EVENT/12-correspondence/OpenMath-morning-ui-source-0.txt,,,55b9e970bc5ee85c30ce54bcf18e4f12d9b7f126c8bf04e78cc42a7a85394ce6,,Filename/path inference; editable in the app
351621,OpenMath-morning-ui-source-10.txt,General / shared,4183,Source snapshot; read scope shown in capture,https://luma.com/yzp9abvr,contestants/EVENT/12-correspondence/OpenMath-morning-ui-source-10.txt,,,a9b0bdf3b6db78054dab92bdf7bf5993acc3eab141ba77bb15f1a766c9c89b74,,Filename/path inference; editable in the app
351622,OpenMath-morning-ui-source-11.txt,General / shared,2315,Source snapshot; read scope shown in capture,https://luma.com/event/manage/evt-CCPQXYQWkwz24XB/guests,contestants/EVENT/12-correspondence/OpenMath-morning-ui-source-11.txt,,,b17eae92ef9b3b521dc327e6582484be8ac1e021101cb3b5c79ab1c06713a1f2,,Filename/path inference; editable in the app
351623,OpenMath-morning-ui-source-12.txt,General / shared,783,Source snapshot; read scope shown in capture,https://luma.com/event/manage/evt-CCPQXYQWkwz24XB/blasts,contestants/EVENT/12-correspondence/OpenMath-morning-ui-source-12.txt,,,e3c7d5a60ba61a54654f4bfef52b36a8657a3843392cdab8b649111ac5d38538,,Filename/path inference; editable in the app
351617,OpenMath-morning-ui-source-6.txt,General / shared,6230,Source snapshot; read scope shown in capture,https://www.linkedin.com/messaging/thread/2-M2I5YTY5ZDUtOGVmNC00NTJjLWJmNTUtMjYxYWI2MmI4MzY4XzEwMA==/,contestants/EVENT/12-correspondence/OpenMath-morning-ui-source-6.txt,,,e90ae790263650845fe9edd0a9dee072941da76ca77eacf907b2e85c9d9ed16a,,Filename/path inference; editable in the app
351618,OpenMath-morning-ui-source-7.txt,General / shared,12083,Source snapshot; read scope shown in capture,https://app.autolab.ai/lists/alejandrozu/openmath,contestants/EVENT/12-correspondence/OpenMath-morning-ui-source-7.txt,,,390d92b84944f53f759069560fee7c7ef64a314474acc5d950d3408eb7d98465,,Filename/path inference; editable in the app
351619,OpenMath-morning-ui-source-8.txt,General / shared,1628,Source snapshot; read scope shown in capture,https://www.sundai.club/events/boston/recursive-learning-hack-with-harvard-innovation-labs?tab=projects,contestants/EVENT/12-correspondence/OpenMath-morning-ui-source-8.txt,,,7fcaa7900e88ad9b2d83925e8e62321f1f76ddb6b7aa9cab68493956d485582a,,Filename/path inference; editable in the app
351620,OpenMath-morning-ui-source-9.txt,General / shared,5011,Source snapshot; read scope shown in capture,https://rsihouse.ai/openmath,contestants/EVENT/12-correspondence/OpenMath-morning-ui-source-9.txt,,,bc65b41d465d2b1771d63e4dd63f4da524dd8e783683f95ab6463edf3c500782,,Filename/path inference; editable in the app
351592,email-1a0ac89cab85a2ef.txt,General / shared,1279,Received/sent correspondence; original timestamp retained,https://mail.google.com/mail/u/0/#all/1a0ac89cab85a2ef,contestants/EVENT/12-correspondence/email-1a0ac89cab85a2ef.txt,,,675c8a1f1f9edd37da52c27d35686013ba48ae68b3343eeacb219bc462875c63,,Filename/path inference; editable in the app
351591,email-1a0ac89f5ad032d5.txt,General / shared,1273,Received/sent correspondence; original timestamp retained,https://mail.google.com/mail/u/0/#all/1a0ac89f5ad032d5,contestants/EVENT/12-correspondence/email-1a0ac89f5ad032d5.txt,,,8631d6a3206e41956b51cbfebf766d48b48d429a4aab2ba7671fefdfa8c52365,,Filename/path inference; editable in the app
351590,email-1a0ac89f78dc6f83.txt,General / shared,1297,Received/sent correspondence; original timestamp retained,https://mail.google.com/mail/u/0/#all/1a0ac89f78dc6f83,contestants/EVENT/12-correspondence/email-1a0ac89f78dc6f83.txt,,,996153743b8b4dfc6f81475d42580e8b5c3c041791d8d507139f8330440326a9,,Filename/path inference; editable in the app
351589,email-1a0ac89fb55186a6.txt,General / shared,1307,Received/sent correspondence; original timestamp retained,https://mail.google.com/mail/u/0/#all/1a0ac89fb55186a6,contestants/EVENT/12-correspondence/email-1a0ac89fb55186a6.txt,,,3e322aa8b84ba75b27a6e6cfbd292cb6c6ffe8daa8e9da47f04ba64125ea058a,,Filename/path inference; editable in the app
351588,email-1a0ac89fc1e9d734.txt,General / shared,1318,Received/sent correspondence; original timestamp retained,https://mail.google.com/mail/u/0/#all/1a0ac89fc1e9d734,contestants/EVENT/12-correspondence/email-1a0ac89fc1e9d734.txt,,,59fb33ef51affa6bbb475fa12f4ee34f5ce143e9ea6d1696ce16af5ac63b8d8a,,Filename/path inference; editable in the app
351587,email-1a0ac8a01374dc35.txt,General / shared,1320,Received/sent correspondence; original timestamp retained,https://mail.google.com/mail/u/0/#all/1a0ac8a01374dc35,contestants/EVENT/12-correspondence/email-1a0ac8a01374dc35.txt,,,d9dc294bd5f21ef4111ca4d70b53ae72900ce536c88adf4a79f495014f16387c,,Filename/path inference; editable in the app
351586,email-1a0ac8a03d5537bc.txt,General / shared,1353,Received/sent correspondence; original timestamp retained,https://mail.google.com/mail/u/0/#all/1a0ac8a03d5537bc,contestants/EVENT/12-correspondence/email-1a0ac8a03d5537bc.txt,,,8e167dcde5b9bc5f7970311eb68debf948f17109e858062512d31f7e776e5d70,,Filename/path inference; editable in the app
351585,email-1a0ac8a0853283fe.txt,General / shared,1333,Received/sent correspondence; original timestamp retained,https://mail.google.com/mail/u/0/#all/1a0ac8a0853283fe,contestants/EVENT/12-correspondence/email-1a0ac8a0853283fe.txt,,,fed9aa087620b036a486d26350ac6888e3bd7092589395d314767e2ad66ec86e,,Filename/path inference; editable in the app
351584,email-1a0ac8a0b227c248.txt,General / shared,1316,Received/sent correspondence; original timestamp retained,https://mail.google.com/mail/u/0/#all/1a0ac8a0b227c248,contestants/EVENT/12-correspondence/email-1a0ac8a0b227c248.txt,,,1e73c8b3fb8feaae3198926ef6f6a5c08a052d402c8feb41c1e81574163071f2,,Filename/path inference; editable in the app
351583,email-1a0ac8a0f0fa4242.txt,General / shared,1086,Received/sent correspondence; original timestamp retained,https://mail.google.com/mail/u/0/#all/1a0ac8a0f0fa4242,contestants/EVENT/12-correspondence/email-1a0ac8a0f0fa4242.txt,,,ee37699f86dc1aec54e8605534e7ea014647ad099ef582191f57b334abc22231,,Filename/path inference; editable in the app
351582,email-1a0ac8a10c0b277d.txt,General / shared,1095,Received/sent correspondence; original timestamp retained,https://mail.google.com/mail/u/0/#all/1a0ac8a10c0b277d,contestants/EVENT/12-correspondence/email-1a0ac8a10c0b277d.txt,,,ddf036decfc81a59dcdb3186d99fad8218e2094dfe52766d75390caa272afd7f,,Filename/path inference; editable in the app
351581,email-1a0ac8a13b49aef8.txt,General / shared,1092,Received/sent correspondence; original timestamp retained,https://mail.google.com/mail/u/0/#all/1a0ac8a13b49aef8,contestants/EVENT/12-correspondence/email-1a0ac8a13b49aef8.txt,,,3a0a4443102b3dce7b3d1ed971433e34013d65fa46b6c738f29dbbf7e7290eb0,,Filename/path inference; editable in the app
351580,email-1a0ac8a1635d4e77.txt,General / shared,1080,Received/sent correspondence; original timestamp retained,https://mail.google.com/mail/u/0/#all/1a0ac8a1635d4e77,contestants/EVENT/12-correspondence/email-1a0ac8a1635d4e77.txt,,,ff2cd36943e2247a22b5e656c3c5f2d08dc3d4443d7189b142aa0c6cade457dd,,Filename/path inference; editable in the app
351579,email-1a0ac8a1b2382086.txt,General / shared,514,Received/sent correspondence; original timestamp retained,https://mail.google.com/mail/u/0/#all/1a0ac8a1b2382086,contestants/EVENT/12-correspondence/email-1a0ac8a1b2382086.txt,,,45bcbe5f298577f47a3120dc8af29ca93b95d83aabb27ceffc57ca3728e97871,,Filename/path inference; editable in the app
351578,email-1a0ac8a21cb2412c.txt,General / shared,1102,Received/sent correspondence; original timestamp retained,https://mail.google.com/mail/u/0/#all/1a0ac8a21cb2412c,contestants/EVENT/12-correspondence/email-1a0ac8a21cb2412c.txt,,,3666a49a89ac2e5af8d075d2b3e149034eeb5d652dfa7089705ad56416780127,,Filename/path inference; editable in the app
351577,email-1a0ac8a25715a74b.txt,General / shared,1096,Received/sent correspondence; original timestamp retained,https://mail.google.com/mail/u/0/#all/1a0ac8a25715a74b,contestants/EVENT/12-correspondence/email-1a0ac8a25715a74b.txt,,,3c081a9f78ae361d632cc988706f5abfcdc0bd148dc76f1a00de1c75f6a2b427,,Filename/path inference; editable in the app
351576,email-1a0ac8a2611c570a.txt,General / shared,1091,Received/sent correspondence; original timestamp retained,https://mail.google.com/mail/u/0/#all/1a0ac8a2611c570a,contestants/EVENT/12-correspondence/email-1a0ac8a2611c570a.txt,,,953461c55d374fcb4eeac98834be41670587c2c56693e9b023bf5c1c7cdaa43a,,Filename/path inference; editable in the app
351575,email-1a0ac8a37c8acb21.txt,General / shared,452,Received/sent correspondence; original timestamp retained,https://mail.google.com/mail/u/0/#all/1a0ac8a37c8acb21,contestants/EVENT/12-correspondence/email-1a0ac8a37c8acb21.txt,,,8d6f3fbec32e70163a162ed72257886d3366dd45b8e52d61bc60fa02a9a55543,,Filename/path inference; editable in the app
351574,email-1a0ad215ca423f34.txt,General / shared,1178,Received/sent correspondence; original timestamp retained,https://mail.google.com/mail/u/0/#all/1a0ad215ca423f34,contestants/EVENT/12-correspondence/email-1a0ad215ca423f34.txt,,,1eb8eb6de52ffb8bc20b27375773e7affbb378c89321bc9f10fb086dc086e036,,Filename/path inference; editable in the app
351573,email-1a0ad219fe6e07e8.txt,General / shared,1200,Received/sent correspondence; original timestamp retained,https://mail.google.com/mail/u/0/#all/1a0ad219fe6e07e8,contestants/EVENT/12-correspondence/email-1a0ad219fe6e07e8.txt,,,7dc22656635e628f27f03af7ee77a448579236f69f7741e5e4bb9492280075ee,,Filename/path inference; editable in the app
351572,email-1a0ad21a06ce870d.txt,General / shared,1213,Received/sent correspondence; original timestamp retained,https://mail.google.com/mail/u/0/#all/1a0ad21a06ce870d,contestants/EVENT/12-correspondence/email-1a0ad21a06ce870d.txt,,,6301b57d068e7e695e3e89417cef9b2e1eaebec160776e54e9d1ed420a8bc1a8,,Filename/path inference; editable in the app
351571,email-1a0ad21a4222a47c.txt,General / shared,1173,Received/sent correspondence; original timestamp retained,https://mail.google.com/mail/u/0/#all/1a0ad21a4222a47c,contestants/EVENT/12-correspondence/email-1a0ad21a4222a47c.txt,,,585bea81c28d602dc46f6d1fff0cd1a33b5d430712361095bbb8617921d0995b,,Filename/path inference; editable in the app
351570,email-1a0ad21a68162db3.txt,General / shared,1178,Received/sent correspondence; original timestamp retained,https://mail.google.com/mail/u/0/#all/1a0ad21a68162db3,contestants/EVENT/12-correspondence/email-1a0ad21a68162db3.txt,,,c9ead10bc6c14052bc15658aa9f3d75a584c3eb5bbf0ccae34b8e223a02b133f,,Filename/path inference; editable in the app
351569,email-1a0ad21aae5ea1da.txt,General / shared,1161,Received/sent correspondence; original timestamp retained,https://mail.google.com/mail/u/0/#all/1a0ad21aae5ea1da,contestants/EVENT/12-correspondence/email-1a0ad21aae5ea1da.txt,,,28eb80f775ed23f29cc92b6ce2843eb8b0d0588cfa67e5f1b70543d6c8d0962f,,Filename/path inference; editable in the app
351568,email-1a0ad21b098ae9ed.txt,General / shared,1204,Received/sent correspondence; original timestamp retained,https://mail.google.com/mail/u/0/#all/1a0ad21b098ae9ed,contestants/EVENT/12-correspondence/email-1a0ad21b098ae9ed.txt,,,e99c42f97a1594bac762d6947c9f52892d0c89d4edb6dcf11c7d31a1aa535eb8,,Filename/path inference; editable in the app
351567,email-1a0ad21b2953a2fb.txt,General / shared,1173,Received/sent correspondence; original timestamp retained,https://mail.google.com/mail/u/0/#all/1a0ad21b2953a2fb,contestants/EVENT/12-correspondence/email-1a0ad21b2953a2fb.txt,,,08eb7ed15ec6243ca2671a2fdc2f324529e7de0a2858f42fa65a9eaca47afe40,,Filename/path inference; editable in the app
351566,email-1a0ad21b7a2101bd.txt,General / shared,1168,Received/sent correspondence; original timestamp retained,https://mail.google.com/mail/u/0/#all/1a0ad21b7a2101bd,contestants/EVENT/12-correspondence/email-1a0ad21b7a2101bd.txt,,,76b25f1a910d447e7ea7816ffad67211613248573fab08dadabc2424c198433b,,Filename/path inference; editable in the app
351565,email-1a0ad21bac2b0571.txt,General / shared,1187,Received/sent correspondence; original timestamp retained,https://mail.google.com/mail/u/0/#all/1a0ad21bac2b0571,contestants/EVENT/12-correspondence/email-1a0ad21bac2b0571.txt,,,7cc787f9898e44a3750fd9ef7ae296d39a1a239cfe8db83bd4408d727774e6b3,,Filename/path inference; editable in the app
351564,email-1a0ad21bfcce7093.txt,General / shared,1173,Received/sent correspondence; original timestamp retained,https://mail.google.com/mail/u/0/#all/1a0ad21bfcce7093,contestants/EVENT/12-correspondence/email-1a0ad21bfcce7093.txt,,,44b5f9a2d20396444702206c5e6ab7e179f0703549157cd3fa1873e4a06cb069,,Filename/path inference; editable in the app
351563,email-1a0ad21c0dfdbf2b.txt,General / shared,1161,Received/sent correspondence; original timestamp retained,https://mail.google.com/mail/u/0/#all/1a0ad21c0dfdbf2b,contestants/EVENT/12-correspondence/email-1a0ad21c0dfdbf2b.txt,,,a0bc7e47b2738934648494025372ff0f70a1c4217267e64dc51ec5e92d02096e,,Filename/path inference; editable in the app
351562,email-1a0ad21c6da4225d.txt,General / shared,1101,Received/sent correspondence; original timestamp retained,https://mail.google.com/mail/u/0/#all/1a0ad21c6da4225d,contestants/EVENT/12-correspondence/email-1a0ad21c6da4225d.txt,,,95c7b96051800d721b2773e3187186d08f9adcf2fa1209c5a6a31d77aece4076,,Filename/path inference; editable in the app
351561,email-1a0ad21c8575892e.txt,General / shared,1165,Received/sent correspondence; original timestamp retained,https://mail.google.com/mail/u/0/#all/1a0ad21c8575892e,contestants/EVENT/12-correspondence/email-1a0ad21c8575892e.txt,,,33007408230f3089208daf390fdb9d3d7b144e3e5eada7411652cb35032e9bab,,Filename/path inference; editable in the app
351560,email-1a0ad21ca1fa5383.txt,General / shared,1211,Received/sent correspondence; original timestamp retained,https://mail.google.com/mail/u/0/#all/1a0ad21ca1fa5383,contestants/EVENT/12-correspondence/email-1a0ad21ca1fa5383.txt,,,4d20dc5e3213debf47953b19d74d27eaf752b2cbdf209404e8fb2d0e6568e8b3,,Filename/path inference; editable in the app
351559,email-1a0ad21ce8dacf8d.txt,General / shared,1186,Received/sent correspondence; original timestamp retained,https://mail.google.com/mail/u/0/#all/1a0ad21ce8dacf8d,contestants/EVENT/12-correspondence/email-1a0ad21ce8dacf8d.txt,,,caa9febb9f884e5ad6b44e88fa0f8c1b340ab025cce66636c8834344e59c9a9c,,Filename/path inference; editable in the app
351558,email-1a0ad21d18079938.txt,General / shared,1131,Received/sent correspondence; original timestamp retained,https://mail.google.com/mail/u/0/#all/1a0ad21d18079938,contestants/EVENT/12-correspondence/email-1a0ad21d18079938.txt,,,099029b9ac6bbbacc78e8133d7335a857f2cbfa89f27d0ff7a6e57b951c10322,,Filename/path inference; editable in the app
351557,email-1a0ad21d94ea2d0f.txt,General / shared,1159,Received/sent correspondence; original timestamp retained,https://mail.google.com/mail/u/0/#all/1a0ad21d94ea2d0f,contestants/EVENT/12-correspondence/email-1a0ad21d94ea2d0f.txt,,,e1e917fe6dd6f70a597aa8eddb7ec099b65cdc64efb6f60631dacc682f2829cb,,Filename/path inference; editable in the app
351556,email-1a0ad22d220f8f87.txt,General / shared,1171,Received/sent correspondence; original timestamp retained,https://mail.google.com/mail/u/0/#all/1a0ad22d220f8f87,contestants/EVENT/12-correspondence/email-1a0ad22d220f8f87.txt,,,7574a9ef832dd44f1a8eab9e4d3115d17f2e9cdc4d3632df880c38ed364708cf,,Filename/path inference; editable in the app
351555,email-1a0ad4c60d01552c.txt,General / shared,1311,Received/sent correspondence; original timestamp retained,https://mail.google.com/mail/u/0/#all/1a0ad4c60d01552c,contestants/EVENT/12-correspondence/email-1a0ad4c60d01552c.txt,,,cf52cb0517969362aca5c1c05b1f62be9984ffa0213e49c56a0a4fc975787066,,Filename/path inference; editable in the app
351554,email-1a0ad4cc53c500cd.txt,General / shared,1498,Received/sent correspondence; original timestamp retained,https://mail.google.com/mail/u/0/#all/1a0ad4cc53c500cd,contestants/EVENT/12-correspondence/email-1a0ad4cc53c500cd.txt,,,1c50ae056a930c1e6da65cac1703314c105b7a182e21d1ea843ec9a84b2f7d74,,Filename/path inference; editable in the app
351553,email-1a0ad4cc8662164b.txt,General / shared,1349,Received/sent correspondence; original timestamp retained,https://mail.google.com/mail/u/0/#all/1a0ad4cc8662164b,contestants/EVENT/12-correspondence/email-1a0ad4cc8662164b.txt,,,f8b7b34fb559efe36bcf22c6e65528104157cd6ed35a260de9b92b8fe75d7411,,Filename/path inference; editable in the app
351552,email-1a0ad4ccdf109429.txt,General / shared,1336,Received/sent correspondence; original timestamp retained,https://mail.google.com/mail/u/0/#all/1a0ad4ccdf109429,contestants/EVENT/12-correspondence/email-1a0ad4ccdf109429.txt,,,19bc00e47038fc879c92454f0924ebbc1add303da2d96303f1a245844376a225,,Filename/path inference; editable in the app
351551,email-1a0ad4cceaa030f5.txt,General / shared,1243,Received/sent correspondence; original timestamp retained,https://mail.google.com/mail/u/0/#all/1a0ad4cceaa030f5,contestants/EVENT/12-correspondence/email-1a0ad4cceaa030f5.txt,,,68e5ceac028c24d603aecc003be018b65453d541c870c4e6131593475f77e02f,,Filename/path inference; editable in the app
351550,email-1a0ad4cd5ea63465.txt,General / shared,1417,Received/sent correspondence; original timestamp retained,https://mail.google.com/mail/u/0/#all/1a0ad4cd5ea63465,contestants/EVENT/12-correspondence/email-1a0ad4cd5ea63465.txt,,,ee7a508cc9e426da77cf217bcba50e371901b26488a0dd13d939805c5d5e8628,,Filename/path inference; editable in the app
351549,email-1a0ad4cd93f76c21.txt,General / shared,1433,Received/sent correspondence; original timestamp retained,https://mail.google.com/mail/u/0/#all/1a0ad4cd93f76c21,contestants/EVENT/12-correspondence/email-1a0ad4cd93f76c21.txt,,,770ff375916d260bc8a49e2d3ed4bcbd371d25eaab4949940255aef22482c290,,Filename/path inference; editable in the app
351548,email-1a0ad4cdcb9ee595.txt,General / shared,1246,Received/sent correspondence; original timestamp retained,https://mail.google.com/mail/u/0/#all/1a0ad4cdcb9ee595,contestants/EVENT/12-correspondence/email-1a0ad4cdcb9ee595.txt,,,52a0129928912c331f9fc4a29955eefd24b2102346683c8f9e814d242b30a392,,Filename/path inference; editable in the app
351547,email-1a0ad4ce130197cd.txt,General / shared,1234,Received/sent correspondence; original timestamp retained,https://mail.google.com/mail/u/0/#all/1a0ad4ce130197cd,contestants/EVENT/12-correspondence/email-1a0ad4ce130197cd.txt,,,23e891d6aea755fa3b3c338e7b1b4b3a8fad142bf9866226d10e549ea24865ff,,Filename/path inference; editable in the app
351546,email-1a0ad4ce5866f5be.txt,General / shared,1454,Received/sent correspondence; original timestamp retained,https://mail.google.com/mail/u/0/#all/1a0ad4ce5866f5be,contestants/EVENT/12-correspondence/email-1a0ad4ce5866f5be.txt,,,dac38de3576d2a6f2171ad03aa4843b07938715a53f5d6801228cffef099a76b,,Filename/path inference; editable in the app
351545,email-1a0ad4cea24a996e.txt,General / shared,1475,Received/sent correspondence; original timestamp retained,https://mail.google.com/mail/u/0/#all/1a0ad4cea24a996e,contestants/EVENT/12-correspondence/email-1a0ad4cea24a996e.txt,,,c353d8581d3189031d0564d4b7966d30d43a82705f29227e248d5a2a1f21ec4c,,Filename/path inference; editable in the app
351544,email-1a0ad4d3caf6e811.txt,General / shared,1230,Received/sent correspondence; original timestamp retained,https://mail.google.com/mail/u/0/#all/1a0ad4d3caf6e811,contestants/EVENT/12-correspondence/email-1a0ad4d3caf6e811.txt,,,a301269490596f7fee5e43ae515cf037cc73d02632a001a625b1951fe0a71d88,,Filename/path inference; editable in the app
351543,email-1a0ad4d40f05ddb4.txt,General / shared,1269,Received/sent correspondence; original timestamp retained,https://mail.google.com/mail/u/0/#all/1a0ad4d40f05ddb4,contestants/EVENT/12-correspondence/email-1a0ad4d40f05ddb4.txt,,,d7a69d7b0a44239ab6849d6b352a5979bcb2a24927adb824d949282bc39583b3,,Filename/path inference; editable in the app
351542,email-1a0ad4d45b60806d.txt,General / shared,1274,Received/sent correspondence; original timestamp retained,https://mail.google.com/mail/u/0/#all/1a0ad4d45b60806d,contestants/EVENT/12-correspondence/email-1a0ad4d45b60806d.txt,,,c0574e22e94c41f0e5816de8ebb2a5a677a1aa1b5637f08ec875b6a10f9b5b6d,,Filename/path inference; editable in the app
351541,email-1a0ad4d4935539bd.txt,General / shared,1265,Received/sent correspondence; original timestamp retained,https://mail.google.com/mail/u/0/#all/1a0ad4d4935539bd,contestants/EVENT/12-correspondence/email-1a0ad4d4935539bd.txt,,,a68f50f46a15d50a3d8a5624a921ad04193af04d6fa3b241890f02004ddbe901,,Filename/path inference; editable in the app
351540,email-1a0ad4d4ade36335.txt,General / shared,1350,Received/sent correspondence; original timestamp retained,https://mail.google.com/mail/u/0/#all/1a0ad4d4ade36335,contestants/EVENT/12-correspondence/email-1a0ad4d4ade36335.txt,,,f705c422ccd83167866c1606ea5c267116e2ddf0ed514a1668092ed43528dab6,,Filename/path inference; editable in the app
351539,email-1a0ad4d50b4db8d5.txt,General / shared,1348,Received/sent correspondence; original timestamp retained,https://mail.google.com/mail/u/0/#all/1a0ad4d50b4db8d5,contestants/EVENT/12-correspondence/email-1a0ad4d50b4db8d5.txt,,,99febfe3b7754fd1d19ddd457d728b669170209ee5c6ddedf74f802d83452b60,,Filename/path inference; editable in the app
351538,email-1a0ad4d5545fb239.txt,General / shared,1372,Received/sent correspondence; original timestamp retained,https://mail.google.com/mail/u/0/#all/1a0ad4d5545fb239,contestants/EVENT/12-correspondence/email-1a0ad4d5545fb239.txt,,,52833ab0422fdc515e45266429cba1840f1688a77d2ae972ffdea99e536d493b,,Filename/path inference; editable in the app
351537,email-1a0ad4d587ff97f3.txt,General / shared,1351,Received/sent correspondence; original timestamp retained,https://mail.google.com/mail/u/0/#all/1a0ad4d587ff97f3,contestants/EVENT/12-correspondence/email-1a0ad4d587ff97f3.txt,,,3241193d3322053af2b4507484d1cbea982c245a1ba903e25cf854f74ffa269f,,Filename/path inference; editable in the app
351536,email-1a0ad4d5fb53bdc6.txt,General / shared,1320,Received/sent correspondence; original timestamp retained,https://mail.google.com/mail/u/0/#all/1a0ad4d5fb53bdc6,contestants/EVENT/12-correspondence/email-1a0ad4d5fb53bdc6.txt,,,d959b6a61fecd68eb3ef726b0c0cd91eb5e3407cbe25cc521d1c5de87576b522,,Filename/path inference; editable in the app
351535,email-1a0ad4d62576815c.txt,General / shared,1340,Received/sent correspondence; original timestamp retained,https://mail.google.com/mail/u/0/#all/1a0ad4d62576815c,contestants/EVENT/12-correspondence/email-1a0ad4d62576815c.txt,,,0a269d8ca1481d7f85ff742380dfb8cf487e1e31dd476628b2485e2a38b2ed9c,,Filename/path inference; editable in the app
351534,email-1a0ad4d67336fd0b.txt,General / shared,1347,Received/sent correspondence; original timestamp retained,https://mail.google.com/mail/u/0/#all/1a0ad4d67336fd0b,contestants/EVENT/12-correspondence/email-1a0ad4d67336fd0b.txt,,,665583eae46165dec63184482794b23797cb7ac4917c649c0cf380078e1247b2,,Filename/path inference; editable in the app
351533,email-1a0ad4d6abb0fa9b.txt,General / shared,1413,Received/sent correspondence; original timestamp retained,https://mail.google.com/mail/u/0/#all/1a0ad4d6abb0fa9b,contestants/EVENT/12-correspondence/email-1a0ad4d6abb0fa9b.txt,,,1ae1fe7ae6097340dd344cad3481ab4e55522a5fa565467d0559728d26c61033,,Filename/path inference; editable in the app
351532,email-1a0ad4d7147c625c.txt,General / shared,1358,Received/sent correspondence; original timestamp retained,https://mail.google.com/mail/u/0/#all/1a0ad4d7147c625c,contestants/EVENT/12-correspondence/email-1a0ad4d7147c625c.txt,,,894f33b4149dba5d170336eb74bd0abadcc6092431e456b874efa5f483260cce,,Filename/path inference; editable in the app
351531,email-1a0ad4d745331885.txt,General / shared,1366,Received/sent correspondence; original timestamp retained,https://mail.google.com/mail/u/0/#all/1a0ad4d745331885,contestants/EVENT/12-correspondence/email-1a0ad4d745331885.txt,,,3f47648469f54964d97d1dbf484cf80566bfa993aaad3f00d114142ee075b2c5,,Filename/path inference; editable in the app
351530,email-1a0ad4d78815c9e7.txt,General / shared,1330,Received/sent correspondence; original timestamp retained,https://mail.google.com/mail/u/0/#all/1a0ad4d78815c9e7,contestants/EVENT/12-correspondence/email-1a0ad4d78815c9e7.txt,,,637fb856dfe75ba1bf26cb075d0c742740819154e674c1c58816ee7e00a9101a,,Filename/path inference; editable in the app
351529,email-1a0ad4d7de83f347.txt,General / shared,1299,Received/sent correspondence; original timestamp retained,https://mail.google.com/mail/u/0/#all/1a0ad4d7de83f347,contestants/EVENT/12-correspondence/email-1a0ad4d7de83f347.txt,,,60138be79e557c5a598c2705dc929633da41e460cadf6bc134c09351f1f360f2,,Filename/path inference; editable in the app
351528,email-1a0ad4d80588724e.txt,General / shared,1335,Received/sent correspondence; original timestamp retained,https://mail.google.com/mail/u/0/#all/1a0ad4d80588724e,contestants/EVENT/12-correspondence/email-1a0ad4d80588724e.txt,,,d3338ad9deaaff838133d7b1d4d41420ed9329edbf263b947d3ec84900713c9f,,Filename/path inference; editable in the app
351527,email-1a0ad4d88c8d038e.txt,General / shared,1305,Received/sent correspondence; original timestamp retained,https://mail.google.com/mail/u/0/#all/1a0ad4d88c8d038e,contestants/EVENT/12-correspondence/email-1a0ad4d88c8d038e.txt,,,ef6160b7b48dec91ccaf20870f3cc87d8c28f8a33febe38aeb5cdf0b0e09b436,,Filename/path inference; editable in the app
351526,email-1a0ad4d8dd866c52.txt,General / shared,1336,Received/sent correspondence; original timestamp retained,https://mail.google.com/mail/u/0/#all/1a0ad4d8dd866c52,contestants/EVENT/12-correspondence/email-1a0ad4d8dd866c52.txt,,,797bcca4dc2fe35f469a08f9ece9d15e13f6649dbd7147dfc810b3e9dee13112,,Filename/path inference; editable in the app
351524,email-1a0ad4dd72a3f7e3.txt,General / shared,1286,Received/sent correspondence; original timestamp retained,https://mail.google.com/mail/u/0/#all/1a0ad4dd72a3f7e3,contestants/EVENT/12-correspondence/email-1a0ad4dd72a3f7e3.txt,,,ba22077a8a8eb218af5dfd79e6a1c5e532153909bf482545e98068b01c0334e0,,Filename/path inference; editable in the app
351523,email-1a0ad4dda0395f88.txt,General / shared,1362,Received/sent correspondence; original timestamp retained,https://mail.google.com/mail/u/0/#all/1a0ad4dda0395f88,contestants/EVENT/12-correspondence/email-1a0ad4dda0395f88.txt,,,7a5dfd8b5662f68e94d42006a81c4185ebfc3196723f0c90a29ef67c7f9d5551,,Filename/path inference; editable in the app
351522,email-1a0ad4ddd9373561.txt,General / shared,1313,Received/sent correspondence; original timestamp retained,https://mail.google.com/mail/u/0/#all/1a0ad4ddd9373561,contestants/EVENT/12-correspondence/email-1a0ad4ddd9373561.txt,,,5ccdd855453ac71f1556db3fc79e06511df2166b05f875af6c25f36ebaba5471,,Filename/path inference; editable in the app
351521,email-1a0ad4de011588b7.txt,General / shared,1322,Received/sent correspondence; original timestamp retained,https://mail.google.com/mail/u/0/#all/1a0ad4de011588b7,contestants/EVENT/12-correspondence/email-1a0ad4de011588b7.txt,,,e9d3421c4346d2f0ed837acb6530699ac83330d28f8ac1da56eb4fa24298ead9,,Filename/path inference; editable in the app
351520,email-1a0ad4de55d15f03.txt,General / shared,1327,Received/sent correspondence; original timestamp retained,https://mail.google.com/mail/u/0/#all/1a0ad4de55d15f03,contestants/EVENT/12-correspondence/email-1a0ad4de55d15f03.txt,,,f404eda6010c5cd07e05364299b4f21051096d1f209dd3177c772a4197fd3290,,Filename/path inference; editable in the app
351519,email-1a0ad4de9381c3f6.txt,General / shared,1316,Received/sent correspondence; original timestamp retained,https://mail.google.com/mail/u/0/#all/1a0ad4de9381c3f6,contestants/EVENT/12-correspondence/email-1a0ad4de9381c3f6.txt,,,3f7d70ca5cc7b7861656f2ba58e61d9581d68a8f42773a2b532a90a7f6c02ae5,,Filename/path inference; editable in the app
351518,email-1a0ad4deef043491.txt,General / shared,1331,Received/sent correspondence; original timestamp retained,https://mail.google.com/mail/u/0/#all/1a0ad4deef043491,contestants/EVENT/12-correspondence/email-1a0ad4deef043491.txt,,,0c548f324f05e8b181d06b6752637ce402fdbefa4cc3252f7ed4100493f1e68e,,Filename/path inference; editable in the app
351517,email-1a0ad4dfb2a17dab.txt,General / shared,1277,Received/sent correspondence; original timestamp retained,https://mail.google.com/mail/u/0/#all/1a0ad4dfb2a17dab,contestants/EVENT/12-correspondence/email-1a0ad4dfb2a17dab.txt,,,a188fed06bc0e1387f8c5d4b96bff7c81a324da532118762fd5426f18c03399e,,Filename/path inference; editable in the app
351516,email-1a0ad4dfd2118c2a.txt,General / shared,1260,Received/sent correspondence; original timestamp retained,https://mail.google.com/mail/u/0/#all/1a0ad4dfd2118c2a,contestants/EVENT/12-correspondence/email-1a0ad4dfd2118c2a.txt,,,0fc8e97a74d31c985957860937857cf79f7ce32a1b7807c041dac80f5d12f0a3,,Filename/path inference; editable in the app
351515,email-1a0ad4e01072680b.txt,General / shared,1310,Received/sent correspondence; original timestamp retained,https://mail.google.com/mail/u/0/#all/1a0ad4e01072680b,contestants/EVENT/12-correspondence/email-1a0ad4e01072680b.txt,,,21faa49425e34fc9b26d3b1022f4103130afc5cd731f41883ec51abd9cb0eafc,,Filename/path inference; editable in the app
351514,email-1a0ad4e079a2d22b.txt,General / shared,1274,Received/sent correspondence; original timestamp retained,https://mail.google.com/mail/u/0/#all/1a0ad4e079a2d22b,contestants/EVENT/12-correspondence/email-1a0ad4e079a2d22b.txt,,,182539483d0ca5772822d2dfc7152b9b91016f95f28dbd99e7621ad7d408d83a,,Filename/path inference; editable in the app
351513,email-1a0ad4e0b1ef70c3.txt,General / shared,1261,Received/sent correspondence; original timestamp retained,https://mail.google.com/mail/u/0/#all/1a0ad4e0b1ef70c3,contestants/EVENT/12-correspondence/email-1a0ad4e0b1ef70c3.txt,,,2b8bb090d743e4ff412c35dc0e2bbd88b10ba0940816aa5c9cbcfbe4daa7893a,,Filename/path inference; editable in the app
351511,email-1a0ad4e10d695029.txt,General / shared,1271,Received/sent correspondence; original timestamp retained,https://mail.google.com/mail/u/0/#all/1a0ad4e10d695029,contestants/EVENT/12-correspondence/email-1a0ad4e10d695029.txt,,,6fb37821fe4c4723b4e4af975895790814eabdf4b0fb0da59898ded6107d222e,,Filename/path inference; editable in the app
351510,email-1a0ad4e15ab94acd.txt,General / shared,1305,Received/sent correspondence; original timestamp retained,https://mail.google.com/mail/u/0/#all/1a0ad4e15ab94acd,contestants/EVENT/12-correspondence/email-1a0ad4e15ab94acd.txt,,,df68115a250a9c7c59e9efb7dbfffbac51f8fde619cff62ddb40227e5f936f00,,Filename/path inference; editable in the app
351509,email-1a0ad4e1964719fe.txt,General / shared,1270,Received/sent correspondence; original timestamp retained,https://mail.google.com/mail/u/0/#all/1a0ad4e1964719fe,contestants/EVENT/12-correspondence/email-1a0ad4e1964719fe.txt,,,aefa1399e3bded5510346f2ffe145195e3c291c2bc8a3d2ec06697d5c901e0cc,,Filename/path inference; editable in the app
351507,email-1a0ad4e223794775.txt,General / shared,1296,Received/sent correspondence; original timestamp retained,https://mail.google.com/mail/u/0/#all/1a0ad4e223794775,contestants/EVENT/12-correspondence/email-1a0ad4e223794775.txt,,,cd59903cd0aa3d99a2d1f5d90eabdad305d815a35a8ae3a98731c5cae7575181,,Filename/path inference; editable in the app
351506,email-1a0ad4e271041e4a.txt,General / shared,1286,Received/sent correspondence; original timestamp retained,https://mail.google.com/mail/u/0/#all/1a0ad4e271041e4a,contestants/EVENT/12-correspondence/email-1a0ad4e271041e4a.txt,,,c44d4ae765cf98ddde9b0dd7d65e13a9041d08188b26be87d249aefc349e35e3,,Filename/path inference; editable in the app
351505,email-1a0ad4eb76dbfd52.txt,General / shared,1459,Received/sent correspondence; original timestamp retained,https://mail.google.com/mail/u/0/#all/1a0ad4eb76dbfd52,contestants/EVENT/12-correspondence/email-1a0ad4eb76dbfd52.txt,,,cc4dda59a4ae75178ee1d5e1fcf00858e9f49aa5c05da27d41da16fe634ecc44,,Filename/path inference; editable in the app
351504,email-1a0ad6214b4a051f.txt,General / shared,575,Received/sent correspondence; original timestamp retained,https://mail.google.com/mail/u/0/#all/1a0ad6214b4a051f,contestants/EVENT/12-correspondence/email-1a0ad6214b4a051f.txt,,,2e5108f91231cef59b2247ba115c40f92583d22aea18ab963fd2806e574e46f1,,Filename/path inference; editable in the app
351503,email-1a0ad68997730fbc.txt,General / shared,1990,Received/sent correspondence; original timestamp retained,https://mail.google.com/mail/u/0/#all/1a0ad68997730fbc,contestants/EVENT/12-correspondence/email-1a0ad68997730fbc.txt,,,63c31a1347c9bf3d43ffa7ecffa8d64dcb5d1a951ad9b36de92dfc1dc409007b,,Filename/path inference; editable in the app
351499,email-1a0ae87bcba6333d.txt,General / shared,1705,Received/sent correspondence; original timestamp retained,https://mail.google.com/mail/u/0/#all/1a0ae87bcba6333d,contestants/EVENT/12-correspondence/email-1a0ae87bcba6333d.txt,,,6b1171acba9ebc51d6a23c32b0863018abaf55b4559f7dba769114d2064aeca1,,Filename/path inference; editable in the app
351498,email-1a0ae98c22ad16ac.txt,General / shared,2581,Received/sent correspondence; original timestamp retained,https://mail.google.com/mail/u/0/#all/1a0ae98c22ad16ac,contestants/EVENT/12-correspondence/email-1a0ae98c22ad16ac.txt,,,1066f39c8bb7e5efb76bb6d47c5aa16d119475263477af4318fce276ac173443,,Filename/path inference; editable in the app
351497,email-1a0af38ddee7ac64.txt,General / shared,2206,Received/sent correspondence; original timestamp retained,https://mail.google.com/mail/u/0/#all/1a0af38ddee7ac64,contestants/EVENT/12-correspondence/email-1a0af38ddee7ac64.txt,,,26c6bb89da044b8a6d6ba8cb13b4395a477c2f9f7ae1bc6a118f6fbb9e37a2b5,,Filename/path inference; editable in the app
351496,email-1a0af57c0e6d6b3b.txt,General / shared,1711,Received/sent correspondence; original timestamp retained,https://mail.google.com/mail/u/0/#all/1a0af57c0e6d6b3b,contestants/EVENT/12-correspondence/email-1a0af57c0e6d6b3b.txt,,,bc8e4fbd31b43f7df64d4662a129ccbd46efa8960948c21ef6cd9a160ed46247,,Filename/path inference; editable in the app
351495,email-1a0b0028e6111485.txt,General / shared,1512,Received/sent correspondence; original timestamp retained,https://mail.google.com/mail/u/0/#all/1a0b0028e6111485,contestants/EVENT/12-correspondence/email-1a0b0028e6111485.txt,,,cd70c6f43bf35f61ebdd10fd8d3d09f04c1a89916b9118f346b9b1ae0c63d09c,,Filename/path inference; editable in the app
351494,email-1a0b01bc5dfa0178.txt,General / shared,2091,Received/sent correspondence; original timestamp retained,https://mail.google.com/mail/u/0/#all/1a0b01bc5dfa0178,contestants/EVENT/12-correspondence/email-1a0b01bc5dfa0178.txt,,,454198199177968a9738dada9eb8d500a4717ac129b14d16e19629ff589b7e0f,,Filename/path inference; editable in the app
351493,email-1a0b1a87e9e7a2da.txt,General / shared,2071,Received/sent correspondence; original timestamp retained,https://mail.google.com/mail/u/0/#all/1a0b1a87e9e7a2da,contestants/EVENT/12-correspondence/email-1a0b1a87e9e7a2da.txt,,,7c5f3450126d8e216c383c29a57a1ef2d5be045baf17484d1a71f06dd4a83830,,Filename/path inference; editable in the app
351492,email-1a0b539397bb0370.txt,General / shared,1717,Received/sent correspondence; original timestamp retained,https://mail.google.com/mail/u/0/#all/1a0b539397bb0370,contestants/EVENT/12-correspondence/email-1a0b539397bb0370.txt,,,e9c0abeb5b33d7392dc8a31466c7a3a0a5321a0ce3bf35694a701eced7dc46f4,,Filename/path inference; editable in the app
351490,email-1a0b57993c62ed52.txt,General / shared,1938,Received/sent correspondence; original timestamp retained,https://mail.google.com/mail/u/0/#all/1a0b57993c62ed52,contestants/EVENT/12-correspondence/email-1a0b57993c62ed52.txt,,,5f427bc397a3200f9baf497bb11e4460411e5fae41329bc82ab6c15cfe6c428b,,Filename/path inference; editable in the app
351489,email-1a0b57bdc49f71a2.txt,General / shared,2383,Received/sent correspondence; original timestamp retained,https://mail.google.com/mail/u/0/#all/1a0b57bdc49f71a2,contestants/EVENT/12-correspondence/email-1a0b57bdc49f71a2.txt,,,b684538a49aca81ac873d90d31636e099cc28d18ce3d1c0fe75c3e1c16741a15,,Filename/path inference; editable in the app
351488,email-1a0b57c89d0d6d65.txt,General / shared,2304,Received/sent correspondence; original timestamp retained,https://mail.google.com/mail/u/0/#all/1a0b57c89d0d6d65,contestants/EVENT/12-correspondence/email-1a0b57c89d0d6d65.txt,,,2254bd07364cfea62fc41ac2d3c0458377e17992cf537b08bba267e1411cc6c7,,Filename/path inference; editable in the app
351487,email-1a0b5ea995d8c66a.txt,General / shared,3737,Received/sent correspondence; original timestamp retained,https://mail.google.com/mail/u/0/#all/1a0b5ea995d8c66a,contestants/EVENT/12-correspondence/email-1a0b5ea995d8c66a.txt,,,d4fc4a153f22bd1a5cbb77ef873972237676d4b979ccb3ecbd0dd75d364b9f13,,Filename/path inference; editable in the app
351486,email-1a0b5f9eaff131b4.txt,General / shared,4036,Received/sent correspondence; original timestamp retained,https://mail.google.com/mail/u/0/#all/1a0b5f9eaff131b4,contestants/EVENT/12-correspondence/email-1a0b5f9eaff131b4.txt,,,965b1ffd658eba30cadd26aeee9912a7e1c5a85cc59b72e6c653016925873d0d,,Filename/path inference; editable in the app
351485,email-1a0c2ee70d11a86d.txt,General / shared,2626,Received/sent correspondence; original timestamp retained,https://mail.google.com/mail/u/0/#all/1a0c2ee70d11a86d,contestants/EVENT/12-correspondence/email-1a0c2ee70d11a86d.txt,,,047c770a03fc3a205666c8aaa3330605eb31d4f43d5b185ee1557ef88156707c,,Filename/path inference; editable in the app
351484,email-1a0c61a82a540fd2.txt,General / shared,1937,Received/sent correspondence; original timestamp retained,https://mail.google.com/mail/u/0/#all/1a0c61a82a540fd2,contestants/EVENT/12-correspondence/email-1a0c61a82a540fd2.txt,,,8c548d0f49a40475bb2dd9a82178e906148d340a74dd1f3bfa05fa270a1f4c0f,,Filename/path inference; editable in the app
351483,email-1a0d38de4b5ac028.txt,General / shared,4673,Received/sent correspondence; original timestamp retained,https://mail.google.com/mail/u/0/#all/1a0d38de4b5ac028,contestants/EVENT/12-correspondence/email-1a0d38de4b5ac028.txt,,,419dcccd18e37dd8ed0e4556057d47f30062130dbc38fb82e4cbef9389d0fcfa,,Filename/path inference; editable in the app
351482,email-1a0d3ac5350b57ce.txt,General / shared,5805,Received/sent correspondence; original timestamp retained,https://mail.google.com/mail/u/0/#all/1a0d3ac5350b57ce,contestants/EVENT/12-correspondence/email-1a0d3ac5350b57ce.txt,,,e8198e5ac33534d85139ef1b64c7adde81a6273d16a15e74f24f47289aebd12a,,Filename/path inference; editable in the app
351481,email-1a0de145e77d6be1.txt,General / shared,2077,Received/sent correspondence; original timestamp retained,https://mail.google.com/mail/u/0/#all/1a0de145e77d6be1,contestants/EVENT/12-correspondence/email-1a0de145e77d6be1.txt,,,5ad84c8dc940dc0e270f673881a9204577b339d94c810de9b49fd1dd316b041f,,Filename/path inference; editable in the app
351479,email-1a0e2edb3cce2f60.txt,General / shared,2477,Received/sent correspondence; original timestamp retained,https://mail.google.com/mail/u/0/#all/1a0e2edb3cce2f60,contestants/EVENT/12-correspondence/email-1a0e2edb3cce2f60.txt,,,e10769540444a714c7485781e23474aaef205b589a16fff12d1810fc17bdbf7f,,Filename/path inference; editable in the app
351477,email-1a0e3e93ae157258.txt,General / shared,1949,Received/sent correspondence; original timestamp retained,https://mail.google.com/mail/u/0/#all/1a0e3e93ae157258,contestants/EVENT/12-correspondence/email-1a0e3e93ae157258.txt,,,24d100e0346f550271b63f6f22c01de946f16e83650bca880d18ce403e435cc6,,Filename/path inference; editable in the app
351476,email-1a0e721f933ddcbd.txt,General / shared,3277,Received/sent correspondence; original timestamp retained,https://mail.google.com/mail/u/0/#all/1a0e721f933ddcbd,contestants/EVENT/12-correspondence/email-1a0e721f933ddcbd.txt,,,3e4cbbd5ab60e7d4504e20ea56aa65433127c6c2196cff716f4279f9078dd68e,,Filename/path inference; editable in the app
351466,email-1a0fc8394cbf91ba.txt,General / shared,1909,Received/sent correspondence; original timestamp retained,https://mail.google.com/mail/u/0/#all/1a0fc8394cbf91ba,contestants/EVENT/12-correspondence/email-1a0fc8394cbf91ba.txt,,,a98a91837536e43adbbee569daacd2d81d9a7b8fdf207bf500011a8f179b61f1,,Filename/path inference; editable in the app
